{
  "Reentrancy": 0.7933768656716418,
  "AccessControl": 0.7416328600405679,
  "Arithmetic": 0.28430451127819545,
  "UncheckedCall": 0.6136122881355931,
  "TOD": 0.7945341614906831
}